[
  {
    "profId": 3,
    "recordId": 0,
    "profFirstName": "SITANSURANJAN",
    "profLastName": "BANDYOPADHYAY",
    "profGender": 0,
    "profNationality": "INDIAN",
    "profPan": "",
    "profMeritalStatus": 0,
    "dndActivatedFlag": 0,
    "profSubscId": "18:19",
    "profPublicId": "",
    "profFees": 0,
    "status": 34,
    "contactList": [
      {
        "contactId": 3,
        "contactType": 16,
        "contactEmail": "arijitdas23@gmail.com",
        "activeStatus": 1
      }
    ],
    "addressList": [],
    "createdTs": 1453696350000,
    "createdBy": "ADMIN"
  },
  {
    "profId": 4,
    "recordId": 0,
    "profFirstName": "ASISH KUMAR",
    "profLastName": "SENGUPTA",
    "profGender": 0,
    "profNationality": "INDIAN",
    "profPan": "",
    "profMeritalStatus": 0,
    "dndActivatedFlag": 0,
    "profSubscId": "18:19",
    "profPublicId": "",
    "profFees": 0,
    "status": 34,
    "contactList": [
      {
        "contactId": 4,
        "contactType": 16,
        "contactEmail": "asishweb@gmail.com",
        "activeStatus": 1
      }
    ],
    "addressList": [],
    "createdTs": 1453696350000,
    "createdBy": "ADMIN"
  },
  {
    "profId": 5,
    "recordId": 0,
    "profFirstName": "GAUTAM",
    "profLastName": "MUKHOPADHYAY",
    "profGender": 0,
    "profNationality": "INDIAN",
    "profPan": "",
    "profMeritalStatus": 0,
    "dndActivatedFlag": 0,
    "profSubscId": "18:19",
    "profPublicId": "",
    "profFees": 0,
    "status": 34,
    "contactList": [
      {
        "contactId": 5,
        "contactType": 16,
        "contactEmail": "biswa.gupta1@gmail.com",
        "activeStatus": 1
      }
    ],
    "addressList": [],
    "createdTs": 1453696350000,
    "createdBy": "ADMIN"
  }
]