{
  "responseCode":"200",
  "responseObj":{
    "profId":201,
    "recordId":125,
    "profFirstName":"VISHWAJEET",
    "profMiddleName":"",
    "profLastName":"NAYAK",
    "profEmpId":"PROF_001",
    "profDob":"2016-01-27",
    "profGender":30,
    "profNationality":"INDIAN",
    "profPan":"PNYSNY776",
    "profMeritalStatus":36,
    "profMerriageAnniversary":"2016-02-08",
    "dndActivatedFlag":0,
    "profSignature":"cXdlcnR5",
    "profSubscId":"1",
    "profPublicId":"2",
    "profFees":10.54,
    "profRemark":"Nothing",
    "status":1,
  "contactList":[{
    "contactId":227,
    "contactType":8,
    "contactPhone":"7557003425",
    "contactEmail":"nayak1jeet@gmail.com",
    "activeStatus":1}],
  "addressList":[{
    "addressId":218,
    "locationId":140,
    "otherArea":"Other Area",
    "line1":"82/C, KABI SUKANTA SARANI, NEAR BELEGHATA, KOLKATA",
    "line2":"82/C, KABI SUKANTA SARANI, NEAR BELEGHATA, KOLKATA",
    "pinCode":"700011",
    "activeStatus":1}],
  "specializationList":[{
    "profSpecId":14,
    "profSpecName":"DIVORSE SPECIALIST",
    "profSpecDesc":"DIVORSE SPECIALIST",
    "profId":201,
    "activeStatus":1,
    "createdTs":null,
    "updatedTs":null,
    "createdBy":null,
    "updatedBy":null}],
  "qualificationList":[{
    "profAcdmcId":16,
    "profAcdmcName":"LLB",
    "profAcdmcDesc":"Bachelor Of Law",
    "profAcdmcUniversity":"Delhi University",
    "profAcdmcPassYear":"2009",
    "profId":null,
    "activeStatus":1,
    "createdTs":null,
    "updatedTs":null,
    "createdBy":null,
    "updatedBy":null}],
  "experienceList":[{
    "profExpId":13,
    "profExpBeginDt":"2010-01-12",
    "profExpEndDt":"2016-01-12",
    "profExpDesc":"5 + YEARS EXP",
    "profId":null,"activeStatus":1,
    "createdTs":null,
    "updatedTs":null,
    "createdBy":null,
    "updatedBy":null}],
  "createdTs":1453902915000,
  "createdBy":"1"},
"responseStatus":"success"}